Domain Name,Domain Price ($)
xyz.site,700.17
xyz.blog,"2,800.17"
xyz.store,"1,650.17"
systems.xyz,"3,500.17"
xyz.works,500.17
xyz.space,"1,650.17"
xyz.shop,"2,600.17"
network.xyz,"1,400.17"
xyz.tech,"6,500.17"
xyz.ws,9.99
xyzweb.me,7.99
whay.com,"25,000.00"
xyz.website,350.17
xyz.host,350.17
xyz.sex,170.17
xyz.fun,700.17
xyz.tv,999.99
xyz.news,140.17
xyz.global,"5,200.17"
xyz.wiki,"2,600.17"
xyz.capital,90.17
xyz.money,45.17
xyz.design,900.17
xyz.la,49.99
xyz.expert,500.17
xyz.sale,500.17
xyz.xxx,170.17
xyz.poker,30.17
xyz.buzz,600.17
xyz.properties,140.17
step1.org,"4,995.00"
duhh.com,"20,000.00"
bcse.net,"4,388.00"
duhhh.com,"3,500.00"
bcse.info,399.00
smtg.net,"3,488.00"
smtg.org,"1,088.00"
htis.net,"2,037.00"
lollll.com,"1,795.00"
impt.org,"4,999.00"
